event_kind,title_ko,ref_period,release_et,release_kst,release_at_utc,tier,targets,source_url,checked
CPI,소비자물가,2026-09,2026-10-14 08:30,2026-10-14 21:30,2026-10-14T12:30:00Z,1,CPI_MOM CPI_CORE_MOM CPI_YOY,https://www.bls.gov/schedule/news_release/current_year.asp,1
CLAIMS,주간 신규 실업수당 청구,2026-10-10,2026-10-15 08:30,2026-10-15 21:30,2026-10-15T12:30:00Z,2,CLAIMS_INIT,https://www.dol.gov/ui/data.pdf,0
PPI,생산자물가,2026-09,2026-10-15 08:30,2026-10-15 21:30,2026-10-15T12:30:00Z,2,PPI_FD_MOM,https://www.bls.gov/schedule/news_release/current_year.asp,1
CLAIMS,주간 신규 실업수당 청구,2026-10-17,2026-10-22 08:30,2026-10-22 21:30,2026-10-22T12:30:00Z,2,CLAIMS_INIT,https://www.dol.gov/ui/data.pdf,0
CLAIMS,주간 신규 실업수당 청구,2026-10-24,2026-10-29 08:30,2026-10-29 21:30,2026-10-29T12:30:00Z,2,CLAIMS_INIT,https://www.dol.gov/ui/data.pdf,0
GDP_ADV,GDP 속보치,2026Q3,2026-10-29 08:30,2026-10-29 21:30,2026-10-29T12:30:00Z,1,GDP_ADV_QOQ,https://www.bea.gov/news/schedule/full,1
PCE,개인소득·지출(PCE 물가),2026-09,2026-10-29 08:30,2026-10-29 21:30,2026-10-29T12:30:00Z,1,PCE_CORE_MOM PCE_YOY,https://www.bea.gov/news/schedule/full,1
CLAIMS,주간 신규 실업수당 청구,2026-10-31,2026-11-05 08:30,2026-11-05 22:30,2026-11-05T13:30:00Z,2,CLAIMS_INIT,https://www.dol.gov/ui/data.pdf,0
EMP,고용보고서,2026-10,2026-11-06 08:30,2026-11-06 22:30,2026-11-06T13:30:00Z,1,NFP_CHG UNRATE,https://www.bls.gov/schedule/news_release/current_year.asp,1
CPI,소비자물가,2026-10,2026-11-10 08:30,2026-11-10 22:30,2026-11-10T13:30:00Z,1,CPI_MOM CPI_CORE_MOM CPI_YOY,https://www.bls.gov/schedule/news_release/current_year.asp,1
CLAIMS,주간 신규 실업수당 청구,2026-11-07,2026-11-12 08:30,2026-11-12 22:30,2026-11-12T13:30:00Z,2,CLAIMS_INIT,https://www.dol.gov/ui/data.pdf,0
PPI,생산자물가,2026-10,2026-11-13 08:30,2026-11-13 22:30,2026-11-13T13:30:00Z,2,PPI_FD_MOM,https://www.bls.gov/schedule/news_release/current_year.asp,1
CLAIMS,주간 신규 실업수당 청구,2026-11-14,2026-11-19 08:30,2026-11-19 22:30,2026-11-19T13:30:00Z,2,CLAIMS_INIT,https://www.dol.gov/ui/data.pdf,0
PCE,개인소득·지출(PCE 물가),2026-10,2026-11-25 08:30,2026-11-25 22:30,2026-11-25T13:30:00Z,1,PCE_CORE_MOM PCE_YOY,https://www.bea.gov/news/schedule/full,1
CLAIMS,주간 신규 실업수당 청구,2026-11-21,2026-11-26 08:30,2026-11-26 22:30,2026-11-26T13:30:00Z,2,CLAIMS_INIT,https://www.dol.gov/ui/data.pdf,0
CLAIMS,주간 신규 실업수당 청구,2026-11-28,2026-12-03 08:30,2026-12-03 22:30,2026-12-03T13:30:00Z,2,CLAIMS_INIT,https://www.dol.gov/ui/data.pdf,0
EMP,고용보고서,2026-11,2026-12-04 08:30,2026-12-04 22:30,2026-12-04T13:30:00Z,1,NFP_CHG UNRATE,https://www.bls.gov/schedule/news_release/current_year.asp,1
CLAIMS,주간 신규 실업수당 청구,2026-12-05,2026-12-10 08:30,2026-12-10 22:30,2026-12-10T13:30:00Z,2,CLAIMS_INIT,https://www.dol.gov/ui/data.pdf,0
CPI,소비자물가,2026-11,2026-12-10 08:30,2026-12-10 22:30,2026-12-10T13:30:00Z,1,CPI_MOM CPI_CORE_MOM CPI_YOY,https://www.bls.gov/schedule/news_release/current_year.asp,1
PPI,생산자물가,2026-11,2026-12-15 08:30,2026-12-15 22:30,2026-12-15T13:30:00Z,2,PPI_FD_MOM,https://www.bls.gov/schedule/news_release/current_year.asp,1
CLAIMS,주간 신규 실업수당 청구,2026-12-12,2026-12-17 08:30,2026-12-17 22:30,2026-12-17T13:30:00Z,2,CLAIMS_INIT,https://www.dol.gov/ui/data.pdf,0
PCE,개인소득·지출(PCE 물가),2026-11,2026-12-23 08:30,2026-12-23 22:30,2026-12-23T13:30:00Z,1,PCE_CORE_MOM PCE_YOY,https://www.bea.gov/news/schedule/full,1
CLAIMS,주간 신규 실업수당 청구,2026-12-19,2026-12-24 08:30,2026-12-24 22:30,2026-12-24T13:30:00Z,2,CLAIMS_INIT,https://www.dol.gov/ui/data.pdf,0
CLAIMS,주간 신규 실업수당 청구,2026-12-26,2026-12-31 08:30,2026-12-31 22:30,2026-12-31T13:30:00Z,2,CLAIMS_INIT,https://www.dol.gov/ui/data.pdf,0
